ObjectID,ObjectNumber,Owner,OwnerURL,CreditLine,ObjectName,Title,Materials,Measurements,AutryObjectURL
81.G.2,81.G.2,Autry Museum of the American West,https://theautry.org,"Braun Research Library Collection, Autry Museum, Gift of Elizabeth Benton Fremont",painting,"Portrait of Mrs. Jessie Benton Fremont, Wife of Gen. John Fremont","Oil on canvas, gilded wooden frame",30 in x 24 1/2 in (76.2 cm x 62.23 cm),http://collections.theautry.org/mwebcgi/mweb.exe?request=record;id=M239092;type=101
87.46.1,87.46.1,Autry Museum of the American West,https://theautry.org,"Autry Museum, Museum Purchase",painting,An Incident in the Opening up of a Cattle Country,Oil on panel,17 1/4 in x 24 7/8 in (43.8 cm x 63.5 cm),http://collections.theautry.org/mwebcgi/mweb.exe?request=record;id=M554154;type=101
87.87.1,87.87.1,Autry Museum of the American West,https://theautry.org,Autry Museum,watercolor,"Hanging of Netherington and Brance, 1856",Ink wash on paper,10 3/8 in x 13 1/2 in (26.4 cm x 34.3 cm),http://collections.theautry.org/mwebcgi/mweb.exe?request=record;id=M545534;type=101
87.87.7,87.87.7,Autry Museum of the American West,https://theautry.org,Autry Museum,watercolor,Chinamen's Quarters on the Central Pacific Rail Road,Watercolor on paper,4 in x 6 11/16 in (10.2 cm x 17 cm); Framed: 14 1/8 in x 17 1/4 in (35.9 cm x 43.8 cm),http://collections.theautry.org/mwebcgi/mweb.exe?request=record;id=M546009;type=101
88.27.7,88.27.7,Autry Museum of the American West,https://theautry.org,Autry Museum,print,The Great West,"Lithograph print on paper, original hand coloring",12 in x 16 in (30.5 cm x 40.6 cm),http://collections.theautry.org/mwebcgi/mweb.exe?request=record;id=M500982;type=101
88.108.1,88.108.1,Autry Museum of the American West,https://theautry.org,"Autry Museum, Museum Purchase",painting,"The Prairie Hunter, ""One Rubbed Out"" (Scout Pursued by Indians)",Oil on canvas,14 in x 20 in (35.56 cm x 50.8 cm),http://collections.theautry.org/mwebcgi/mweb.exe?request=record;id=M513940;type=101
88.108.2,88.108.2,Autry Museum of the American West,https://theautry.org,"Autry Museum, Museum Purchase",painting,The Trappers,Oil on canvas,23 1/2 in x 36 in (59.6 cm x 91.4 cm); Framed: 30 7/8 in x 43 1/2 in x 3 1/8 in (78.5 cm x 110.5 cm x 7.5 cm),http://collections.theautry.org/mwebcgi/mweb.exe?request=record;id=M535169;type=101
88.108.3,88.108.3,Autry Museum of the American West,https://theautry.org,"Autry Museum, Museum Purchase",painting,Hunting Wild Horses,Oil on canvas,36 in x 54 1/2 in (91.4 cm x 138.4 cm); Framed: 40 1/2 in x 58 1/2 in x 2 7/8 in (102.8 cm x 148.5 cm x 7.3 cm),http://collections.theautry.org/mwebcgi/mweb.exe?request=record;id=M524711;type=101
88.108.4,88.108.4,Autry Museum of the American West,https://theautry.org,"Autry Museum, Museum Purchase",painting,Snake in the Grass,Oil on canvas,16 in x 22 in x 1 1/2 in (40.6 cm x 55.8 cm x 3.8 cm); Framed: 16 in x 22 in x 1 1/2 in (40.6 cm x 55.8 cm x 3.8 cm),http://collections.theautry.org/mwebcgi/mweb.exe?request=record;id=M502095;type=101
88.108.7,88.108.7,Autry Museum of the American West,https://theautry.org,Autry Museum,painting,Buffalo Hunting,Oil on board,20 7/8 in x 26 1/8 in x 1 1/4 in (53 cm x 66.4 cm x 3.2 cm),http://collections.theautry.org/mwebcgi/mweb.exe?request=record;id=M567042;type=101
88.108.9,88.108.9,Autry Museum of the American West,https://theautry.org,"Autry Museum, Museum Purchase",painting,Mountain Lake,Oil on panel,14 in x 20 in (35.5 cm x 50.8 cm); Framed: 17 1/4 in x 23 1/4 in x 4 1/4 in (43.8 cm x 59 cm x 10.8 cm),http://collections.theautry.org/mwebcgi/mweb.exe?request=record;id=M558077;type=101
88.108.10,88.108.10,Autry Museum of the American West,https://theautry.org,"Autry Museum, Museum Purchase",painting,Young Chief Uncas,Oil on canvas,24 in x 20 in (60.9 cm x 50.8 cm),http://collections.theautry.org/mwebcgi/mweb.exe?request=record;id=M535163;type=101
88.108.11,88.108.11,Autry Museum of the American West,https://theautry.org,"Autry Museum, Museum Purchase",painting,The Little Blue River,Oil on paper,8 3/8 in x 23 in (21.2 cm x 58.4 cm); Framed: 11 3/4 in x 26 1/2 in x 1 1/2 in (29.8 cm x 67.3 cm x 3.8 cm),http://collections.theautry.org/mwebcgi/mweb.exe?request=record;id=M564048;type=101
88.108.13,88.108.13,Autry Museum of the American West,https://theautry.org,Autry Museum,painting,Landscape with Indians,Oil on panel,23 1/2 in x 17 1/2 in x 2 in (59.69 cm x 44.45 cm x 5.08 cm),http://collections.theautry.org/mwebcgi/mweb.exe?request=record;id=M548293;type=101
88.108.21,88.108.21,Autry Museum of the American West,https://theautry.org,"Autry Museum, Museum Purchase",painting,Only Alkali Water,Oil on canvas,20 in x 26 in (50.8 cm x 66 cm); Framed: 27 3/4 in x 33 7/8 in x 4 in (70.4 cm x 86 cm x 10 cm),http://collections.theautry.org/mwebcgi/mweb.exe?request=record;id=M533760;type=101
88.108.22,88.108.22,Autry Museum of the American West,https://theautry.org,"Autry Museum, Museum Purchase",painting,Sunset on the Plains,Oil on canvas,23 in x 33 in (58.4 cm x 83.8 cm); Framed: 29 1/4 in x 39 1/4 in x 4 1/2 in (74.2 cm x 99.6 cm x 11.4 cm),http://collections.theautry.org/mwebcgi/mweb.exe?request=record;id=M546448;type=101
88.108.23,88.108.23,Autry Museum of the American West,https://theautry.org,"Autry Museum, Museum Purchase",painting,Snags on the Missouri,Pencil and watercolor on paper,9 7/8 in x 12 3/8 in (25 cm x 31.5 cm),http://collections.theautry.org/mwebcgi/mweb.exe?request=record;id=M547970;type=101
88.108.26,88.108.26,Autry Museum of the American West,https://theautry.org,"Autry Museum, Museum purchase",drawing,Leaving the Canyon (10<sup>th</sup> Cavalry soldiers with wounded Apache),Ink wash on paper,36 1/2 in x 30 3/4 in x 7/8 in (92.7 cm x 78.1 cm x 2.5 cm),http://collections.theautry.org/mwebcgi/mweb.exe?request=record;id=M524793;type=101
88.108.27,88.108.27,Autry Museum of the American West,https://theautry.org,"Autry Museum, Museum Purchase",painting,Indian on the Lookout,Oil on canvas,22 in x 29 3/4 in (55.8 cm x 75.5 cm); Framed: 29 1/4 in x 39 1/4 in x 4 1/2 in (74.2 cm x 99.6 cm x 11.4 cm),http://collections.theautry.org/mwebcgi/mweb.exe?request=record;id=M533180;type=101
88.108.30,88.108.30,Autry Museum of the American West,https://theautry.org,"Autry Museum, Museum Purchase",painting,Western Characters on Horseback,Oil on canvas,34 in x 38 in (86.4 cm x 96.5 cm),http://collections.theautry.org/mwebcgi/mweb.exe?request=record;id=M501957;type=101
88.108.31,88.108.31,Autry Museum of the American West,https://theautry.org,"Autry Museum, Museum Purchase",painting,An Indian War Party,Oil on canvas,38 in x 27 1/2 in (96.5 cm x 69.8 cm); Framed: 48 1/2 in x 35 1/2 in x 2 3/4 in (123.1 cm x 90.1 cm x 7 cm),http://collections.theautry.org/mwebcgi/mweb.exe?request=record;id=M531542;type=101
88.108.33,88.108.33,Autry Museum of the American West,https://theautry.org,"Autry Museum, Museum Purchase",painting,Crossing the Milk River 1853,Oil on canvas,30 1/2 in x 42 in (77.4 cm x 106.6 cm),http://collections.theautry.org/mwebcgi/mweb.exe?request=record;id=M557784;type=101
88.108.47,88.108.47,Autry Museum of the American West,https://theautry.org,"Autry Museum, Museum Purchase",sculpture,End of the Trail,"Bronze, cast",34 in x 9 in x 27 in (86.3 cm x 22.8 cm x 68.5 cm),http://collections.theautry.org/mwebcgi/mweb.exe?request=record;id=M549822;type=101
88.108.63,88.108.63,Autry Museum of the American West,https://theautry.org,"Autry Museum, Museum purchase",painting,Yanckton Sioux Settlement,Oil on canvas,21 1/2 in x 25 5/8 in x 2 in (54.61 cm x 65.0875 cm x 5.08 cm),http://collections.theautry.org/mwebcgi/mweb.exe?request=record;id=M535943;type=101
88.368.1,88.368.1,Autry Museum of the American West,https://theautry.org,"Autry Museum, Donated by Mrs. Nellie R. Wells in memory of Virgil R. Wells.",carving,,"Leather, carved and painted, mounted on wood frame with wood and leather decorations",33 in x 53 in x 5 in (83.8 cm x 134.6 cm x 12.7 cm),http://collections.theautry.org/mwebcgi/mweb.exe?request=record;id=M557746;type=101
89.54.1,89.54.1,Autry Museum of the American West,https://theautry.org,"Autry Museum, Museum Purchase",necklace,,"Bear claws and trade beads strung on leader thong, decorated with beaver fur and red ochre",17 1/2 in x 13 in x 2 3/4 in (44.4 cm x 33 cm x 6.9 cm),http://collections.theautry.org/mwebcgi/mweb.exe?request=record;id=M544717;type=101
89.223.1,89.223.1,Autry Museum of the American West,https://theautry.org,Autry Museum,painting,Anheuser-Busch Pack Mules,Oil on canvas,53 1/2 in x 150 1/2 in x 1 1/4 in (135.9 cm x 382.2 cm x 3.2 cm),http://collections.theautry.org/mwebcgi/mweb.exe?request=record;id=M526631;type=101
90.139.1,90.139.1,Autry Museum of the American West,https://theautry.org,"Autry Museum, Gift from Fritz Scholder, ""Dedicated to my first hero, Monte Hale""",painting,"Matinee Cowboy, Posing",Oil on canvas,81 3/4 in x 70 1/4 in x 1 1/2 in (207.645 cm x 178.435 cm x 3.81 cm),http://collections.theautry.org/mwebcgi/mweb.exe?request=record;id=M542313;type=101
90.141.1,90.141.1,Autry Museum of the American West,https://theautry.org,"Autry Museum, Donated by Mr. George Montgomery",painting,Leader of the Badlands Bunch,Oil on canvas,45 1/4 in x 54 in x 2 in (114.9 cm x 137.2 cm x 5.1 cm),http://collections.theautry.org/mwebcgi/mweb.exe?request=record;id=M519759;type=101
90.142.2,90.142.2,Autry Museum of the American West,https://theautry.org,"Autry Museum, Donated by Mr. George Montgomery",painting,Green River,Oil on canvas,14 in x 20 in (35.6 cm x 50.8 cm); Framed: 20 in x 26 1/2 in x 2 in (50.8 cm x 67.3 cm x 5 cm),http://collections.theautry.org/mwebcgi/mweb.exe?request=record;id=M504259;type=101
90.142.3,90.142.3,Autry Museum of the American West,https://theautry.org,"Autry Museum, Donated by Mr. George Montgomery",painting,Changing Horses on the Pony Express,Oil on canvas,46 in x 56 in (116.8 cm x 142.2 cm); Framed: 46 in x 56 in (116.8 cm x 142.2 cm),http://collections.theautry.org/mwebcgi/mweb.exe?request=record;id=M507038;type=101
90.183.4.2,90.183.4.2,Autry Museum of the American West,https://theautry.org,Autry Museum,print,Catlin the Celebrated Indian Traveller and Artist Firing His Colt's Repeating Rifle before a Tribe of Carib Indians in South America,Lithograph print on paper,18 in x 25 in (45.7 cm x 63.5 cm),http://collections.theautry.org/mwebcgi/mweb.exe?request=record;id=M513215;type=101
90.209.1,90.209.1,Autry Museum of the American West,https://theautry.org,"Autry Museum, Museum Purchase",bulto,Untitled (San Francisco),"Wood, pine carved and painted",24 3/8 in x 8 3/4 in x 8 in (61.9 cm x 22.2 cm x 20.3 cm),http://collections.theautry.org/mwebcgi/mweb.exe?request=record;id=M530161;type=101
90.232.3,90.232.3,Autry Museum of the American West,https://theautry.org,Autry Museum,bulto,Untitled (Nuestra Senora de la Limpia Concepcion),"Wood, carved and painted",23 in x 11 in x 5 1/2 in (58.4 cm x 27.9 cm x 14 cm),http://collections.theautry.org/mwebcgi/mweb.exe?request=record;id=M564497;type=101
90.238.3,90.238.3,Autry Museum of the American West,https://theautry.org,Autry Museum,painting,Bucking Bronco,Oil on canvas,31 1/4 in x 23 in x 3/4 in (79.4 cm x 58.4 cm x 1.9 cm),http://collections.theautry.org/mwebcgi/mweb.exe?request=record;id=M565945;type=101
90.242.1,90.242.1,Autry Museum of the American West,https://theautry.org,"Autry Museum, Museum Purchase",bulto,Tribute to Maria Benitez,"Wood, carved and painted",21 1/2 in x 11 in x 10 3/8 in (54.6 cm x 27.9 cm x 26.3 cm),http://collections.theautry.org/mwebcgi/mweb.exe?request=record;id=M556150;type=101
90.243.1,90.243.1,Autry Museum of the American West,https://theautry.org,Autry Museum,painting,Portrait of Mrs. Buck Jones,Oil on canvas,42 1/2 in x 37 3/4 in x 2 3/8 in (107.9 cm x 95.5 cm x 6 cm),http://collections.theautry.org/mwebcgi/mweb.exe?request=record;id=M563191;type=101
91.41.1,91.41.1,Autry Museum of the American West,https://theautry.org,"Autry Museum, Museum Purchase",chair,,"Wood, carved mahogany and rosewood, laminated and doweled at joints, horns, glass eyes",43 3/8 in x 26 1/2 in x 24 1/2 in (110.1 cm x 67.3 cm x 62.2 cm),http://collections.theautry.org/mwebcgi/mweb.exe?request=record;id=M519721;type=101
91.41.2,91.41.2,Autry Museum of the American West,https://theautry.org,"Autry Museum, Museum Purchase",chair,,"Wood, carved mahogany and rosewood, laminated and doweled at joints, horns, glass eyes",45 in x 26 1/2 in x 25 in (114.3 cm x 67.3 cm x 63.5 cm),http://collections.theautry.org/mwebcgi/mweb.exe?request=record;id=M565092;type=101
91.42.1,91.42.1,Autry Museum of the American West,https://theautry.org,"Autry Museum, Museum Purchase",quilt,,"Blue, grey, and white cotton cloth, backed with white fabric, embroidered design",57 1/2 in x 61 3/4 in x 1/8 in (146.1 cm x 156.8 cm x 0.3 cm),http://collections.theautry.org/mwebcgi/mweb.exe?request=record;id=M539049;type=101
91.145.1,91.145.1,Autry Museum of the American West,https://theautry.org,"Autry Museum, Museum Purchase",cross,Untitled (processional cross),"Wood, carved, straw inlay, painted and varnished, leather hanging strap",63 in x 10 1/2 in x 6 7/8 in (160 cm x 26.7 cm x 17.5 cm),http://collections.theautry.org/mwebcgi/mweb.exe?request=record;id=M511451;type=101
91.176.1,91.176.1,Autry Museum of the American West,https://theautry.org,Autry Museum,altar,,"Wood, carved, design elements in tin and plastic, acrylic paints",97 1/2 in x 53 5/8 in x 16 in (247.7 cm x 136.2 cm x 40.6 cm),http://collections.theautry.org/mwebcgi/mweb.exe?request=record;id=M554498;type=101
91.183.1,91.183.1,Autry Museum of the American West,https://theautry.org,Autry Museum,painting,Yeong Wo Joss House,Oil on canvas,27 1/2 in x 33 1/8 in x 3 1/2 in (69.8 cm x 84.1 cm x 8.9 cm),http://collections.theautry.org/mwebcgi/mweb.exe?request=record;id=M503920;type=101
91.183.2,91.183.2,Autry Museum of the American West,https://theautry.org,"Autry Museum, Museum Purchase",painting,The Dead Miner (Mourning the Master),Oil on canvas,32 7/8 in x 38 1/2 in x 4 1/2 in (83.5 cm x 97.8 cm x 11.4 cm),http://collections.theautry.org/mwebcgi/mweb.exe?request=record;id=M556938;type=101
91.221.33,91.221.33,Autry Museum of the American West,https://theautry.org,"Autry Museum, Donated from the Collection of Jackie and Gene Autry",sculpture,The Broncho Buster,"Bronze, cast",24 in x 13 1/2 in x 19 1/2 in (60.9 cm x 34.2 cm x 49.5 cm),http://collections.theautry.org/mwebcgi/mweb.exe?request=record;id=M511135;type=101
91.221.49,91.221.49,Autry Museum of the American West,https://theautry.org,"Autry Museum, Donated from the Collection of Jackie and Gene Autry",painting,Mountain of the Holy Cross,Oil on canvas,86 1/2 in x 77 1/8 in (219.7 cm x 195.8 cm); Framed: 109 in x 90 3/4 in x 9 1/4 in (276.8 cm x 230.5 cm x 23.4 cm),http://collections.theautry.org/mwebcgi/mweb.exe?request=record;id=M551718;type=101
91.228.2,91.228.2,Autry Museum of the American West,https://theautry.org,Autry Museum,painting,Tall in the Saddle,Oil on canvas,30 1/2 in x 48 3/8 in x 3 1/2 in (77.47 cm x 122.8725 cm x 8.89 cm),http://collections.theautry.org/mwebcgi/mweb.exe?request=record;id=M557972;type=101
92.6.1,92.6.1,Autry Museum of the American West,https://theautry.org,"Autry Museum, Museum purchase",painting,"The Mission of San Carlos, Monterey",Pencil and watercolor on paper,16 1/8 in x 21 1/8 in x 1 1/4 in (41 cm x 53.7 cm x 3.2 cm),http://collections.theautry.org/mwebcgi/mweb.exe?request=record;id=M552972;type=101
92.126.1,92.126.1,Autry Museum of the American West,https://theautry.org,"Autry Museum, Museum purchase",painting,American Progress,Oil on canvas,11 1/2 in x 15 3/4 in (29.2 cm x 40 cm); Framed: 17 9/16 in x 21 1/2 in x 1 7/8 in (44.6 cm x 54.6 cm x 4.7 cm),http://collections.theautry.org/mwebcgi/mweb.exe?request=record;id=M545330;type=101
92.147.1,92.147.1,Autry Museum of the American West,https://theautry.org,"Autry Museum, Museum Purchase",painting,"Westward the Star of Empire Takes Its Way - Near Council Bluffs, Iowa",Oil on canvas,25 1/2 in x 46 in (64.7 cm x 116.8 cm),http://collections.theautry.org/mwebcgi/mweb.exe?request=record;id=M525994;type=101
92.178.1,92.178.1,Autry Museum of the American West,https://theautry.org,"Autry Museum, Museum Purchase",bulto,Untitled (San Miguel and the Dragon),"Wood, carved and painted",21 3/4 in x 9 1/4 in x 8 1/4 in (55.2 cm x 23.4 cm x 20.9 cm),http://collections.theautry.org/mwebcgi/mweb.exe?request=record;id=M509475;type=101
92.192.1,92.192.1,Autry Museum of the American West,https://theautry.org,"Autry Museum, Museum Purchase",sculpture,Crucifix (Cristo),"Wood, carved and painted, iron stakes, vinyl cloth",154 in x 140 in x 14 1/2 in (391.2 cm x 355.6 cm x 36.8 cm),http://collections.theautry.org/mwebcgi/mweb.exe?request=record;id=M511982;type=101
92.197.1,92.197.1,Autry Museum of the American West,https://theautry.org,Autry Museum,print,Custer's Last Charge,Lithograph print on paper,13 3/4 in x 11 in x 1/4 in (34.9 cm x 27.9 cm x .6 cm),http://collections.theautry.org/mwebcgi/mweb.exe?request=record;id=M528194;type=101
92.217.5,92.217.5,Autry Museum of the American West,https://theautry.org,"Autry Museum, Courtesty of  Eugenia Young and Marjorie Robertson",print,The Port of San Francisco June 1<sup>st</sup> 1849,Lithograph print on paper,10 in x 12 5/8 in (25.4 cm x 32.1 cm),http://collections.theautry.org/mwebcgi/mweb.exe?request=record;id=M562513;type=101
93.99.4,93.99.4,Autry Museum of the American West,https://theautry.org,Autry Museum,drawing,Street Scene in the Chinese Section of San Francisco.,Gouache and ink on paper,14 7/8 in x 11 1/8 in (37.8 cm x 28.3 cm),http://collections.theautry.org/mwebcgi/mweb.exe?request=record;id=M555132;type=101
93.120.1,93.120.1,Autry Museum of the American West,https://theautry.org,"Autry Museum, Museum purchase",painting,The Escape of Kit Carson,Oil on canvas,31 in x 41 1/4 in x 2 1/2 in (78.7 cm x 104.8 cm x 6.4 cm),http://collections.theautry.org/mwebcgi/mweb.exe?request=record;id=M554929;type=101
93.131.1,93.131.1,Autry Museum of the American West,https://theautry.org,"Autry Museum, Museum Purchase",dress,,"Buckskin, fringed, decorated with glass beads",50 1/2 in x 69 in x 4 in (128.2 cm x 175.2 cm x 10 cm),http://collections.theautry.org/mwebcgi/mweb.exe?request=record;id=M547307;type=101
93.150.1,93.150.1,Autry Museum of the American West,https://theautry.org,Autry Museum,ledger drawing,Cheyenne bride and groom,Pencil and ink on paper,7 1/2 in x 12 1/4 in (19 cm x 31.1 cm),http://collections.theautry.org/mwebcgi/mweb.exe?request=record;id=M532086;type=101
93.173.1,93.173.1,Autry Museum of the American West,https://theautry.org,"Autry Museum, Museum Purchase",painting,"A Solitary Indian, Seated on the Edge of a Bold Precipice",Oil on canvas,35 in x 25 1/2 in (88.9 cm x 64.8 cm); Framed: 47 3/4 in x 38 3/8 in x 4 in (121.3 cm x 97.5 cm x 10.2 cm),http://collections.theautry.org/mwebcgi/mweb.exe?request=record;id=M519240;type=101
93.177.5,93.177.5,Autry Museum of the American West,https://theautry.org,"Autry Museum, Donated by The Museum of Church History and Art",print,The Angel Moroni Delivering the Plate of the Book of Mormon to Joseph Smith,Etching print on paper,14 1/8 in x 10 3/4 in (35.9 cm x 27.3 cm),http://collections.theautry.org/mwebcgi/mweb.exe?request=record;id=M502806;type=101
93.187.1,93.187.1,Autry Museum of the American West,https://theautry.org,"Autry Museum, Museum Purchase","print, polaroid",Untitled from <em>The Wild West</em> series,"Polaroid Polacolor ER print, matted and framed",29 1/2 in x 25 in x 1 1/4 in (74.9 cm x 63.5 cm x 3 cm),http://collections.theautry.org/mwebcgi/mweb.exe?request=record;id=M551597;type=101
93.187.2,93.187.2,Autry Museum of the American West,https://theautry.org,"Autry Museum, Museum Purchase","print, polaroid",Untitled from <em>The Wild West</em> series,"Polaroid Polacolor ER print, matted and framed",29 1/2 in x 25 in x 1 1/4 in (74.9 cm x 63.5 cm x 3 cm),http://collections.theautry.org/mwebcgi/mweb.exe?request=record;id=M563532;type=101
93.187.3,93.187.3,Autry Museum of the American West,https://theautry.org,"Autry Museum, Museum Purchase","print, polaroid",Untitled from <em>The Wild West</em> series,"Polaroid Polacolor ER print, matted and framed",29 1/2 in x 25 in x 1 1/4 in (74.9 cm x 63.5 cm x 3 cm),http://collections.theautry.org/mwebcgi/mweb.exe?request=record;id=M500392;type=101
93.187.4,93.187.4,Autry Museum of the American West,https://theautry.org,"Autry Museum, Museum Purchase","print, polaroid",Untitled from <em>The Wild West</em> series,"Polaroid Polacolor ER print, matted and framed",29 1/2 in x 25 in x 1 1/4 in (74.9 cm x 63.5 cm x 3 cm),http://collections.theautry.org/mwebcgi/mweb.exe?request=record;id=M528828;type=101
93.200.1,93.200.1,Autry Museum of the American West,https://theautry.org,"Autry Museum, Donated by Mr. David Levinthal","print, cibachrome",Untitled from <em>The Wild West</em> series,"Cibachrome print, matted and framed",29 1/2 in x 25 in x 1 1/4 in (74.9 cm x 63.5 cm x 3 cm),http://collections.theautry.org/mwebcgi/mweb.exe?request=record;id=M530029;type=101
93.200.2,93.200.2,Autry Museum of the American West,https://theautry.org,"Autry Museum, Donated by Mr. David Levinthal","print, cibachrome",Untitled from <em>The Wild West</em> series,"Cibachrome print, matted and framed",29 1/2 in x 25 in x 1 1/4 in (74.9 cm x 63.5 cm x 3 cm),http://collections.theautry.org/mwebcgi/mweb.exe?request=record;id=M542819;type=101
93.225.27,93.225.27,Autry Museum of the American West,https://theautry.org,"Autry Museum, Donated by Dr. and Mrs. Van Kirke Nelson, Kalispell, MT, Trails End Collection",saddle,,"Wood and elk-horn frame covered with hide, beaded flaps attached to pommel and cantle, blue painted stirrups with white bead edging, red stroud inserts, and beaded flaps",45 in x 26 in x 26 in (114.3 cm x 66 cm x 66 cm),http://collections.theautry.org/mwebcgi/mweb.exe?request=record;id=M551211;type=101
96.38.1,96.38.1,Autry Museum of the American West,https://theautry.org,Autry Museum,drawing,Battle of Little Big Horn,"Crayon, pencil and watercolor on muslin",36 in x 70 1/2 in (91.4 cm x 179.1 cm),http://collections.theautry.org/mwebcgi/mweb.exe?request=record;id=M501238;type=101
96.40.1,96.40.1,Autry Museum of the American West,https://theautry.org,"Autry Museum, Museum purchase",print,American Landscape,Lithograph print on paper,22 1/4 in x 30 1/8 in (56.5 cm x 76.5 cm),http://collections.theautry.org/mwebcgi/mweb.exe?request=record;id=M534623;type=101
97.70.1,97.70.1,Autry Museum of the American West,https://theautry.org,"Autry Museum, Museum Purchase",motorcycle,,"Metal frame, black with red accents and chrome trim, black leather seat, seat skirt and saddle bags, trimmed in leather fringe, leather tassels hang from the ends of the hand grips, black leather mud flaps decorated with white metal and red glass studs",48 1/2 in x 36 in x 100 in (123 cm x 91.4 cm x 254 cm),http://collections.theautry.org/mwebcgi/mweb.exe?request=record;id=M508631;type=101
97.88.1,97.88.1,Autry Museum of the American West,https://theautry.org,"Autry Museum, Museum Purchase",painting,Miners:  A Moment at Rest (Gold Rush Camp),Oil on canvas,39 5/8 in x 49 5/8 in (100.6 cm x 126 cm); Framed: 57 1/2 in x 68 in x 6 3/4 in (146.1 cm x 172.7 cm x 17.1 cm),http://collections.theautry.org/mwebcgi/mweb.exe?request=record;id=M512880;type=101
98.56.1,98.56.1,Autry Museum of the American West,https://theautry.org,"Autry Museum, Acquisition made possible in part by David and Helen Laird",painting,The Chicken Pull,Oil on canvas,61 1/4 in x 103 1/2 in x 2 3/4 in (155.575 cm x 262.89 cm x 6.985 cm),http://collections.theautry.org/mwebcgi/mweb.exe?request=record;id=M538704;type=101
99.1.1,99.1.1,Autry Museum of the American West,https://theautry.org,"Autry Museum, Museum purchase",painting,"Six Kickapoo Indians, Chief and Family",Oil on canvas,37 in x 46 1/2 in x 3 in (94 cm x 118.1 cm x 7.6 cm),http://collections.theautry.org/mwebcgi/mweb.exe?request=record;id=M567270;type=101
99.6.1,99.6.1,Autry Museum of the American West,https://theautry.org,"Autry Museum, Museum Purchase",saddle,,"Tooled brown leather with carved pictorial mochila, laced down the middle and decorated with carved scenes, flat Mexican-style horn and cantle, hand-carved stirrups from one piece of maple wood",40 1/2 in x 30 1/2 in x 37 1/2 in (102.9 cm x 77.5 cm x 95.2 cm),http://collections.theautry.org/mwebcgi/mweb.exe?request=record;id=M567247;type=101
151.G.1,151.G.1,Autry Museum of the American West,https://theautry.org,"Braun Research Library Collection, Autry Museum, Gift of Maynard Dixon",painting,The Pioneers,Oil on panel,Overall: 6 ft x 12 ft (1.8 m x 3.5 m); Left panel: 4 7/8 ft x 1 1/2 ft (1.5 m x 0.5 m); Central panel: 4 7/8 ft x 6 7/8 ft (1.5 m x 2.1 m); Right panel: 4 7/8 ft x 1 1/2 ft (1.58 m x 0.5 m),http://collections.theautry.org/mwebcgi/mweb.exe?request=record;id=M120568;type=101
151.G.6,151.G.6,Autry Museum of the American West,https://theautry.org,"Southwest Museum of the American Indian Collection, Autry Museum, Gift of Maynard Dixon",painting,Man of Taos,Oil on canvas,37 5/8 in x 32 3/4 in x 2 3/4 in (95.5 cm x 83.1 cm x 6.9 cm),http://collections.theautry.org/mwebcgi/mweb.exe?request=record;id=M120608;type=101
153.L.7,153.L.7,Autry Museum of the American West,https://theautry.org,"Southwest Museum of the American Indian Collection, Autry Museum",bulto,,"Wood, carved, gilded and painted, glass inserts for eyes",26 1/2 in x 12 in x 12 in (67.3 cm x 30.4 cm x 30.4 cm),http://collections.theautry.org/mwebcgi/mweb.exe?request=record;id=M201907;type=101
309.L.6,309.L.6,Autry Museum of the American West,https://theautry.org,"Southwest Museum of the American Indian Collection, Autry Museum",bentwood box,,"Bent and painted wood, inlaid with shells",25 1/2 in x 19 in x 17 in (64.7 cm x 48.2 cm x 43 cm),http://collections.theautry.org/mwebcgi/mweb.exe?request=record;id=M42362;type=101
491.G.955,491.G.955,Autry Museum of the American West,https://theautry.org,"Southwest Museum of the American Indian Collection, Autry Museum, The General Charles McC. Reeve Collection",jar,,"Polychrome earthenware, hand formed",20 in x 21 1/2 in x 21 1/2 in (50.8 cm x 54.6 cm x 54.6 cm),http://collections.theautry.org/mwebcgi/mweb.exe?request=record;id=M144327;type=101
491.G.1468AABB,491.G.1468AABB,Autry Museum of the American West,https://theautry.org,"Southwest Museum of the American Indian Collection, Autry Museum, The General Charles McC. Reeve Collection",possible bag (pair),,"Handsewn buckskin decorated with beaded design in lazy stitch, leather thongs decorated with pendats made from horsehair, feathers and tin cones",19 1/2 in x 18 1/2 in x 2 1/2 in (49.5 cm x 46.9 cm x 6.3 cm),http://collections.theautry.org/mwebcgi/mweb.exe?request=record;id=M658854;type=101
491.G.2137,491.G.2137,Autry Museum of the American West,https://theautry.org,"Southwest Museum of the American Indian Collection, Autry Museum, The General Charles McC. Reeve Collection",jar,,Blackware,21 1/2 in x 19 in x 19 in (54.6 cm x 48.2 cm x 48.2 cm),http://collections.theautry.org/mwebcgi/mweb.exe?request=record;id=M195762;type=101
496.G.57,496.G.57,Autry Museum of the American West,https://theautry.org,"Southwest Museum of the American Indian Collection, Autry Museum, Gift of Mrs. Hector Alliot",painting,Martyrdom of St. Sebastian,"Oil on canvas, restored",71 in x 51 in x 3 in (180.3 cm x 129.5 cm x 7.6 cm),http://collections.theautry.org/mwebcgi/mweb.exe?request=record;id=M242008;type=101
535.G.489,535.G.489,Autry Museum of the American West,https://theautry.org,"Southwest Museum of the American Indian Collection, Autry Museum, Gift of Mr. Fred K. Hinchman.",blanket,,"Plain, weft-faced tapestry weave with lazy lines, woven on native handspun churro wool warp and weft of native handspun churro wool, machine-spun, and two distinct raveled wool yarns; dyes are indigo.",23 1/4 in x 24 13/16 in (59.1 cm x 63 cm),http://collections.theautry.org/mwebcgi/mweb.exe?request=record;id=M92621;type=101
535.G.627,535.G.627,Autry Museum of the American West,https://theautry.org,"Southwest Museum of the American Indian Collection, Autry Museum, Gift of Dr. Fred K. Hinchman",blanket,,"Plain, weft-faced tapestry weave with lazy lines, woven with native handspun churro wool warp and weft; dyes are indigo",62 1/2 in x 82 1/2 in (158.7 cm x 209.5 cm),http://collections.theautry.org/mwebcgi/mweb.exe?request=record;id=M93111;type=101
535.G.741,535.G.741,Autry Museum of the American West,https://theautry.org,"Southwest Museum of the American Indian Collection, Autry Museum, Gift of Dr. Fred K. Hinchman.",blanket,,"Plain, weft-faced tapestry weave with lazy lines, woven with indigo-dyed native handspun churro wool warp and weft.",53 1/2 in x 71 3/4 in (135.89 cm x 182.25 cm),http://collections.theautry.org/mwebcgi/mweb.exe?request=record;id=M93506;type=101
609.G.717,609.G.717,Autry Museum of the American West,https://theautry.org,"Southwest Museum of the American Indian Collection, Autry Museum, The Elias Jackson Baldwin Memorial Collection, gift of Mrs. Anita Baldwin. Frame courtesy of Shawn and Yvonne Speck, Shawn Speck Picture Frames.",painting,Iesaka Waken,Oil on canvas,56 5/16 in x 46 3/16 in x 1 7/8 in (143 cm x 117.3 cm x 4.7 cm),http://collections.theautry.org/mwebcgi/mweb.exe?request=record;id=M11707;type=101
630.G.38,630.G.38,Autry Museum of the American West,https://theautry.org,"Southwest Museum of the American Indian Collection, Autry Museum, The Jane Virginia Dexter Baldwin Memorial Collection, gift of Mrs. Anita Baldwin",blanket,,"Plain, weft-faced tapestry weave with lazy lines, woven with native handspun wool warp and weft; dyes are aniline and vegetal.",57 1/2 in x 75 3/4 in (146 cm x 192.4 cm),http://collections.theautry.org/mwebcgi/mweb.exe?request=record;id=M84609;type=101
653.G.1,653.G.1,Autry Museum of the American West,https://theautry.org,"Southwest Museum of the American Indian Collection, Autry Museum, Gift of Mrs. Elizabeth C. Anderson",painting,Battle of the Washita,"Watercolor on muslin, framed",43 in x 65 in (109.2 cm x 165.1 cm),http://collections.theautry.org/mwebcgi/mweb.exe?request=record;id=M36786;type=101
757.G.1,757.G.1,Autry Museum of the American West,https://theautry.org,"Southwest Museum of the American Indian Collection, Autry Museum, Gift of the Citizen's National Trust and Savings Bank",house post,,"Wood, (probably cedar) carved and painted",128 in x 37 in x 27 in (325 cm x 93.9 cm x 68.5 cm),http://collections.theautry.org/mwebcgi/mweb.exe?request=record;id=M35736;type=101
757.G.2,757.G.2,Autry Museum of the American West,https://theautry.org,"Southwest Museum of the American Indian Collection, Autry Museum, Gift of the Citizen's National Trust and Savings Bank",house post,,"Wood, (probably cedar) carved and painted",128 in x 37 in x 27 in (325 cm x 93.9 cm x 68.5 cm),http://collections.theautry.org/mwebcgi/mweb.exe?request=record;id=M35740;type=101
811.G.2440,811.G.2440,Autry Museum of the American West,https://theautry.org,"Southwest Museum of the American Indian Collection, Autry Museum, The Caroline Boeing Poole Collection",basket,,"Peeled split willow coiled on a three-rod foundation, design in devil's claw",24 in x 28 in x 28 in (60.9 cm x 71 cm x 71 cm),http://collections.theautry.org/mwebcgi/mweb.exe?request=record;id=M198712;type=101
1314.G.1,1314.G.1,Autry Museum of the American West,https://theautry.org,"Southwest Museum of the American Indian Collection, Autry Museum, Gift of Mrs Anne Hershey",jar,,Polychrome earthenware,8 1/2 in x 10 1/2 in x 10 1/2 in (21.5 cm x 26.6 cm x 26.6 cm),http://collections.theautry.org/mwebcgi/mweb.exe?request=record;id=M46056;type=101
2000.4.1,2000.4.1,Autry Museum of the American West,https://theautry.org,"Autry Museum, Museum Purchase",bowl,,"Silver body with bronze details, interior coated with gold",12 in x 19 1/2 in x 15 in (30.4 cm x 49.5 cm x 38 cm),http://collections.theautry.org/mwebcgi/mweb.exe?request=record;id=M570928;type=101
2001.60.1,2001.60.1,Autry Museum of the American West,https://theautry.org,"Autry Museum, Purchase made possible by the Gold-level Member Acquisitions Committee, 2001",print,"Major Ridge, A Cherokee Chief",Lithograph print on paper,19 3/4 in x 13 1/2 in (50.2 cm x 34.3 cm),http://collections.theautry.org/mwebcgi/mweb.exe?request=record;id=M542990;type=101
2002.3.1,2002.3.1,Autry Museum of the American West,https://theautry.org,"Autry Museum, Winner of the 2002 Masters of the American West Award; winner of the 2002 Patron's Choice Award given in recognition of the work most popular with patrons of the exhibition and sale; winner of the 2002 Thomas Moran Memorial Award for Painting given in recognition of exceptional artistic merit.",painting,"Powder Monkeys, Transcontinental Railroad, Cape Horn, 1865",Oil on canvas,42 in x 48 in (106.68 cm x 121.92 cm); Framed: 54 1/2 in x 60 1/2 in x 5 1/2 in (138.4 cm x 153.7 cm x 14 cm),http://collections.theautry.org/mwebcgi/mweb.exe?request=record;id=M579493;type=101
2002.41.4,2002.41.4,Autry Museum of the American West,https://theautry.org,"Autry Museum, Donated by Women of the West Museum",print,Washtub Blues,Woodcut print on unbleached Thai mulberry paper,30 1/4 in x 22 1/2 in (76.8 cm x 57.1 cm),http://collections.theautry.org/mwebcgi/mweb.exe?request=record;id=M581005;type=101
2002.66.1,2002.66.1,Autry Museum of the American West,https://theautry.org,"Autry Museum, Museum Purchase",photograph,Mt. Dana,Ektacolor resin coated paper,16 5/16 in x 87 1/2 in x 1 1/2 in (41.4 cm x 222.3 cm x 3.8 cm),http://collections.theautry.org/mwebcgi/mweb.exe?request=record;id=M583502;type=101
2003.1.1,2003.1.1,Autry Museum of the American West,https://theautry.org,"Autry Museum, Museum purchase",print,Proclamation of Emancipation,Lithograph print on paper,13 3/4 in x 11 in (34.9 cm x 27.9 cm),http://collections.theautry.org/mwebcgi/mweb.exe?request=record;id=M582421;type=101
2003.106.1,2003.106.1,Autry Museum of the American West,https://theautry.org,"Autry Museum, Winner of the 2004 Masters of the American West Award; Acquisition made possible in part by Cindy and Alan Horn, Michael Kammerer, Durwood and Darlene Barnett, Saralynn and John J. Geraghty, Roe and Beverly Hatlen, Mian and Helen Situ, Rosella and Carl Thorne, and Robert J. and Leslie Zasa.",painting,The Force of Nature Humbles All Men,Oil on canvas,70 in x 90 in x 5 3/8 in (177.8 cm x 228.6 cm x 13.7 cm),http://collections.theautry.org/mwebcgi/mweb.exe?request=record;id=M593105;type=101
2004.23.1,2004.23.1,Autry Museum of the American West,https://theautry.org,"Autry Museum, Purchased by James R. Parks and High Noon Western Americana through the 2004 Gold Acquisitions Committee",painting,Quonset (Rain in August),Oil on canvas,42 in x 52 in x 2 3/8 in (106.6 cm x 132 cm x 6 cm),http://collections.theautry.org/mwebcgi/mweb.exe?request=record;id=M596564;type=101
2004.23.2,2004.23.2,Autry Museum of the American West,https://theautry.org,"Autry Museum, Purchased by the 2004 Gold Acquisitions Committee",painting,Illinois Flatscape no. 61,Oil on canvas,62 1/2 in x 85 in x 2 in (158.8 cm x 215.9 cm x 5.1 cm),http://collections.theautry.org/mwebcgi/mweb.exe?request=record;id=M596565;type=101
2004.25.1,2004.25.1,Autry Museum of the American West,https://theautry.org,"Autry Museum, Purchased by Joanne and Monte Hale and Irena and Barry Gernstein through the 2004 Gold Acquisitions Committee",sculpture,Spanish Colonial Carreta,"Wood, carved and painted",10 5/8 in x 38 1/4 in x 14 in (27 cm x 97.2 cm x 35.6 cm),http://collections.theautry.org/mwebcgi/mweb.exe?request=record;id=M596566;type=101
2004.89.1,2004.89.1,Autry Museum of the American West,https://theautry.org,"Autry Museum, Museum Purchase",photograph,Camper Trip. USA. 1966. The Trip West. Camp Ground no. 4. Yosemite,Gelatin silver print,20 in x 24 in (50.8 cm x 60.96 cm); Framed: 26 1/4 in x 30 1/4 in x 1 1/4 in (66.7 cm x 76.8 cm x 3.2 cm),http://collections.theautry.org/mwebcgi/mweb.exe?request=record;id=M600638;type=101
2005.15.1,2005.15.1,Autry Museum of the American West,https://theautry.org,"Autry Museum, Winner of the 2005 Masters of the American West Award and the John J. Geraghty Award",sculpture,The Conqueror,"Bronze, cast",47 in x 17 in x 44 in (119.38 cm x 43.18 cm x 111.76 cm),http://collections.theautry.org/mwebcgi/mweb.exe?request=record;id=M600421;type=101
2005.16.1,2005.16.1,Autry Museum of the American West,https://theautry.org,"Autry Museum, Purchased by T. June and Simon Li through the 2005 Gold Acquisitions Committee",paddle,,"Wood, cedar carved and painted",67 in x 7 1/8 in x 1.5 (170.2 cm x 18.1 cm cm),http://collections.theautry.org/mwebcgi/mweb.exe?request=record;id=M600504;type=101
2005.22.1,2005.22.1,Autry Museum of the American West,https://theautry.org,"Autry Museum, Purchased by Saralynn and John J. Geraghty through the 2005 Gold Acquisitions Committee",textile,Black Mesa,"Hand-spun wool, hand-dayed with natural dyes",12 3/4 in x 35 in x 1/8 in (32.3 cm x 88.9 cm x 0.3 cm),http://collections.theautry.org/mwebcgi/mweb.exe?request=record;id=M600503;type=101
2005.43.1,2005.43.1,Autry Museum of the American West,https://theautry.org,"Autry Museum, Purchased by Marilyn B. and Calvin B. Gross and D.A. and William Eaton through the 2005 Gold Acquisitions Committee",painting,Target: The Wild West,"Paint on canvas with pasted newspaper clips and other paper elements collage, wooden dartboard with metal points framework filled with cork and painted, plastic darts",84 in x 20 in x 1 1/2 in (213.36 cm x 50.8 cm x 3.81 cm),http://collections.theautry.org/mwebcgi/mweb.exe?request=record;id=M600526;type=101
2006.15.1,2006.15.1,Autry Museum of the American West,https://theautry.org,"Autry Museum, Purchase made possible in part by Marilyn and Calvin B. Gross, Bob and Lora Sandroni, and W. Brinson Weeks for the Museum of the American West",photograph,"Burnt Forest and Half Dome, Yosemite",Chromogenic print on paper,48 in x 60 in (121.9 cm x 152.4 cm); Framed: 63 5/8 in x 75 1/2 in x 2 in (161.6 cm x 191.8 cm x 5.08 cm ),http://collections.theautry.org/mwebcgi/mweb.exe?request=record;id=M605442;type=101
2006.21.1,2006.21.1,Autry Museum of the American West,https://theautry.org,"Autry Museum, Museum purchase",print,"John Ross, A Cherokee Chief",Lithograph print on paper,20 in x 14 3/8 in (50.8 cm x 36.5 cm),http://collections.theautry.org/mwebcgi/mweb.exe?request=record;id=M605719;type=101
2006.22.1,2006.22.1,Autry Museum of the American West,https://theautry.org,"Autry Museum, Purchased by James R. Parks through the 2006 Gold Acquisitions Committee",photograph,Pave It and Paint it Green (National Parking),"Gelatin silver print, drymounted, matted and framed",8 3/4 in x 8 3/8 in (22.2 cm x 21.2 cm),http://collections.theautry.org/mwebcgi/mweb.exe?request=record;id=M605593;type=101
2006.36.1,2006.36.1,Autry Museum of the American West,https://theautry.org,"Autry Museum, Winner of the Masters of the American West Award, 2006; Purchase made possible by Lora and Robert Sandroni, Marilyn and Calvin B. Gross, Jay Grodin, David Cartwright, Nadine and Edward M. Carson, Rosella and Carl Thorne, Joffa and Bill Kerr, Constance K. and Leon J. Level, Saralynn and John Geraghty, Simona and Marvin Elkin, Karen and Earl Shultz",painting,Baying the Stock Killer,Acrylic on board,32 in x 46 in (81.28 cm x 116.84 cm),http://collections.theautry.org/mwebcgi/mweb.exe?request=record;id=M605367;type=101
2006.65.1,2006.65.1,Autry Museum of the American West,https://theautry.org,"Autry Museum, Museum Purchase",painting,Canyon Lake III,"Oil pastel on paper, mounted on canvas, unframed",51 in x 78 1/2 in x 2 in (129.5 cm x 199.3 cm x 5 cm),http://collections.theautry.org/mwebcgi/mweb.exe?request=record;id=M607855;type=101
2006.70.1,2006.70.1,Autry Museum of the American West,https://theautry.org,"Autry Museum, Museum Purchase",photograph,Occupied Landscapes no. 1,Gelatin silver print,29 1/4 in x 28 1/2 in x 1 1/8 in (74.3 cm x 72.4 cm x 2.9 cm),http://collections.theautry.org/mwebcgi/mweb.exe?request=record;id=M605104;type=101
2006.70.2,2006.70.2,Autry Museum of the American West,https://theautry.org,"Autry Museum, Museum Purchase",photograph,Occupied Landscapes no. 2,Gelatin silver print,29 1/4 in x 28 1/2 in x 1 1/8 in (74.2 cm x 72.3 cm x 2.8 cm),http://collections.theautry.org/mwebcgi/mweb.exe?request=record;id=M605103;type=101
2006.70.3,2006.70.3,Autry Museum of the American West,https://theautry.org,"Autry Museum, Museum Purchase",photograph,Occupied Landscapes no. 3,Gelatin silver print,29 1/4 in x 28 1/2 in x 1 1/8 in (74.2 cm x 72.3 cm x 2.8 cm),http://collections.theautry.org/mwebcgi/mweb.exe?request=record;id=M605102;type=101
2006.70.4,2006.70.4,Autry Museum of the American West,https://theautry.org,"Autry Museum, Museum Purchase",photograph,Occupied Landscapes no. 4,Gelatin silver print,29 1/4 in x 28 1/2 in x 1 1/8 in (74.2 cm x 72.3 cm x 2.8 cm),http://collections.theautry.org/mwebcgi/mweb.exe?request=record;id=M605101;type=101
2006.70.5,2006.70.5,Autry Museum of the American West,https://theautry.org,"Autry Museum, Museum Purchase",photograph,Occupied Landscapes no. 5,Gelatin silver print,29 1/4 in x 28 1/2 in x 1 1/8 in (74.2 cm x 72.3 cm x 2.8 cm),http://collections.theautry.org/mwebcgi/mweb.exe?request=record;id=M605100;type=101
2006.71.1,2006.71.1,Autry Museum of the American West,https://theautry.org,"Autry Museum, Donated by Calvin and Marilyn Gross to the Museum of the American West",painting,Valley of the Sun,Oil on board,22 1/2 in x 26 1/2 in x 2 1/4 in (57.2 cm x 67.3 cm x 5.7 cm),http://collections.theautry.org/mwebcgi/mweb.exe?request=record;id=M590417;type=101
2006.89.1,2006.89.1,Autry Museum of the American West,https://theautry.org,"Southwest Museum of the American Indian Collection, Autry Museum, 2006 American Indian Arts Marketplace, Jackie Autry Purchase Award",sculpture,Grandpa's Pride,Steel with inlaid turquoise,20 1/2 in x 38 1/8 in x 18 1/2 in (52.1 cm x 96.8 cm x 47 cm),http://collections.theautry.org/mwebcgi/mweb.exe?request=record;id=M609966;type=101
2007.89.1,2007.89.1,Autry Museum of the American West,https://theautry.org,"Autry Museum, Purchase courtesy of Kristina Faragher; original score by Mark Kozelek and special thanks to Curt Lemieux",digital video disc,Gaping Mouth,Mini digital video format,5/8 in x 2 7/8 in x 2 in (1.6 cm x 7.3 cm x 5.1 cm),http://collections.theautry.org/mwebcgi/mweb.exe?request=record;id=M609940;type=101
2007.113.1,2007.113.1,Autry Museum of the American West,https://theautry.org,"Autry Museum, Donated by High Noon to the Museum of the American West",painting,Once Upon a Time in the West,Oil on canvas,26 in x 34 in (66.04 cm x 86.36 cm),http://collections.theautry.org/mwebcgi/mweb.exe?request=record;id=M615472;type=101
2008.9.1,2008.9.1,Autry Museum of the American West,https://theautry.org,"Autry Museum, Purchased by the Gold-level Member Acquisitions Committee, 2008.",sculpture,Sun Box,"Glass, sandcarved",33 in x 21 1/4 in x 19 5/16 in (83.8 cm x 54 cm x 49.1 cm),http://collections.theautry.org/mwebcgi/mweb.exe?request=record;id=M618990;type=101
2008.11.1,2008.11.1,Autry Museum of the American West,https://theautry.org,"Autry Museum, Purchased by the Gold-level Member Acquisitions Committee, 2008.",sculpture,Balance of Power,"Glass, blown, sandcarved and fused",11 1/4 in x 23 7/8 in x 5 1/4 in (28.5 cm x 60.6 cm x 13.3 cm),http://collections.theautry.org/mwebcgi/mweb.exe?request=record;id=M617647;type=101
2008.34.1,2008.34.1,Autry Museum of the American West,https://theautry.org,"Autry Museum, Purchase made possible by Jackie and Gene Autry",painting,War Music II,Paint and pasted paper collage on wooden panel,60 in x 84 in x 2 in (152.4 cm x 213.3 cm x 5 cm),http://collections.theautry.org/mwebcgi/mweb.exe?request=record;id=M619802;type=101
2008.34.2,2008.34.2,Autry Museum of the American West,https://theautry.org,"Autry Museum, Purchase made possible by Jackie and Gene Autry",painting,Untitled,"Oil on canvas, custom wood panel frame covered with stamped patinized copper",88 in x 64 in (223.52 cm x 162.56 cm),http://collections.theautry.org/mwebcgi/mweb.exe?request=record;id=M619803;type=101
2008.34.3,2008.34.3,Autry Museum of the American West,https://theautry.org,"Autry Museum, Purchase made possible by Jackie and Gene Autry",sculpture,Sisters,Bronze,58 1/2 in x 12 1/4 in x 14 in (148.59 cm x 31.115 cm x 35.56 cm),http://collections.theautry.org/mwebcgi/mweb.exe?request=record;id=M619804;type=101
2008.48.1,2008.48.1,Autry Museum of the American West,https://theautry.org,"Autry Museum, Donated by Mr. and Mrs. James R. Parks to the Museum of the American West",painting,The Docks at San Pedro,Oil on canvas,37 1/2 in x 47 1/2 in x 1 3/4 in (95.5 cm x 120.5 cm x 4.5 cm),http://collections.theautry.org/mwebcgi/mweb.exe?request=record;id=M611830;type=101
2008.59.1,2008.59.1,Autry Museum of the American West,https://theautry.org,"Southwest Museum of the American Indian Collection, Autry Museum, Donated by Dr. Loren Lipson",sculpture,The Guardian,Bronze,34 1/4 in x 8 3/4 in x 7 1/2 in (87 cm x 22.5 cm x 19 cm),http://collections.theautry.org/mwebcgi/mweb.exe?request=record;id=M620885;type=101
2009.8.1,2009.8.1,Autry Museum of the American West,https://theautry.org,"Autry Museum, The purchase of this sculpture was made possible through the generosity of the following individuals: Edward M. Carson; Peggy and Robert Dunn; Saralynn and John Geraghty; Marilyn B. and Calvin B. Gross; Melody and Stuart Johnson / Settlers West Galleries; K. C. and Robert Kaufman; Wendie and Steven Olshan; Rosella and Carl Thorne; Anna Lou and Robert L. Weir, in memory of William D. Weir; and Sandra, Alan, and Amy Whitman",sculpture,Crazy Horse,"Bronze, cast",108 in x 44 in x 24 in (274.3 cm x 111.7 cm x 61 cm),http://collections.theautry.org/mwebcgi/mweb.exe?request=record;id=M621131;type=101
2009.77.1,2009.77.1,Autry Museum of the American West,https://theautry.org,"Autry Museum, Museum purchase, made possible by Richard E. Branders, L.A. Louver, James R. Parks, and an Anonymous Donor",sculpture,Red Branch,Painted bronze,110 in x 85 in x 46 in (279.4 cm x 215.9 cm x 116.8 cm),http://collections.theautry.org/mwebcgi/mweb.exe?request=record;id=M624181;type=101
2010.4.1,2010.4.1,Autry Museum of the American West,https://theautry.org,"Autry Museum, Donated by Gus Foster to the Museum of the American West.",photograph,Mount Whitney Summit,,38 in x 144 in x 2 1/4 in (96.52 cm x 365.76 cm x 5.715 cm),http://collections.theautry.org/mwebcgi/mweb.exe?request=record;id=M625180;type=101
2010.42.1,2010.42.1,Autry Museum of the American West,https://theautry.org,"Autry Museum, Donated from the Collection of Jackie and Gene Autry to the Autry",sculpture,Raven Transformation Mask,"Glass, fused and sandcarved",8 in x 6 1/2 in x 19 1/2 in (20.32 cm x 16.51 cm x 49.53 cm),http://collections.theautry.org/mwebcgi/mweb.exe?request=record;id=M632110;type=101
2010.47.1,2010.47.1,Autry Museum of the American West,https://theautry.org,"Autry Museum, Gift of Marilyn B. and Calvin B. Gross to the Autry",painting,Eight Days on Eagle Peak - Looking East,"Watercolor on paper, mixed media, pencil on paper",50 9/16 in x 62 in x 2 3/8 in (128.5 cm x 157.5 cm x 6 cm),http://collections.theautry.org/mwebcgi/mweb.exe?request=record;id=M632915;type=101
2011.4.3,2011.4.3,Autry Museum of the American West,https://theautry.org,"Southwest Museum of the American Indian Collection, Autry Museum, Donated by Sandra S. Banstorp and Rachel E. Holland in memory of Betty J. Stewart to the Southwest Museum of the American Indian.",print,,Ink on paper,13 3/4 in x 11 in (34.925 cm x 27.94 cm),http://collections.theautry.org/mwebcgi/mweb.exe?request=record;id=M634367;type=101
2011.45.1,2011.45.1,Autry Museum of the American West,https://theautry.org,"Autry Museum, Donated from the Collection of Jackie and Gene Autry",sculpture,Broncho Buster,"Bronze, cast",34 in x 28 in x 21 in (86.3 cm x 71.1 cm x 53.3 cm),http://collections.theautry.org/mwebcgi/mweb.exe?request=record;id=M639142;type=101
2011.54.2,2011.54.2,Autry Museum of the American West,https://theautry.org,"Autry Museum, Purchase made possible by Marilyn B. and Calvin B. Gross through the 2011 Gold-Level Member Acquisitions Committee.",photograph album,Rancho San Pedro,Epson Enhanced Matte paper; archival Epson Ultrachrome 3 pigment inks; archival Gudy 831 double-sided pressure adhesive,36 in x 22 1/2 in x 3/4 in (91.4 cm x 57.1 cm x 2 cm),http://collections.theautry.org/mwebcgi/mweb.exe?request=record;id=M640560;type=101
2012.5.1,2012.5.1,Autry Museum of the American West,https://theautry.org,"Autry Museum, Masters of the American West Purchase Award, Masters of the American West, 2012.",painting,Arizona Awakening,Oil on canvas,36 in x 50 in (91.44 cm x 127 cm),http://collections.theautry.org/mwebcgi/mweb.exe?request=record;id=M643232;type=101
2012.17.1,2012.17.1,Autry Museum of the American West,https://theautry.org,"Autry Museum, Purchased by the 2009 Gold-Level Member Acquisitions Committee, with additional funds provided by Anonymous Donors (2), Barbara Bianco, Simona and Marvin Elkin, Marilyn B. and Calvin B. Gross, Wendie and Steven Olshan, James R. Parks, Janice and Robert Raney, Lora A. and Robert U. Sandroni, and Lili and Owen M. Schafer. With special thanks to Nancy Benkoff and Paul Pletka.",painting,Tears of the Lord,Acrylic on canvas,96 in x 72 in (243.8 cm x 182.9 cm); Framed: 99 1/4 in x 75 in x 2 1/4 in (252.1 cm x 190.5 cm x 5.5 cm),http://collections.theautry.org/mwebcgi/mweb.exe?request=record;id=M624233;type=101
2012.18.1,2012.18.1,Autry Museum of the American West,https://theautry.org,"Autry Museum, Donated by Bank of America Corporation to the Autry.",sculpture,The Future,"Bronze, cast",46 in x 32 in x 26 in (116.84 cm x 81.28 cm x 66.04 cm),http://collections.theautry.org/mwebcgi/mweb.exe?request=record;id=M644769;type=101
2012.37.1,2012.37.1,Autry Museum of the American West,https://theautry.org,"Autry Museum, Donated by Loretta and Victor Kaufman to the Autry.",painting,Old Chief's Query,Oil on canvas,30 in x 40 in (76.2 cm x 101.6 cm); Framed: 37 in x 47 in x 3 1/4 in (94 cm x 119.5 cm x 8.2 cm),http://collections.theautry.org/mwebcgi/mweb.exe?request=record;id=M645299;type=101
2012.37.2,2012.37.2,Autry Museum of the American West,https://theautry.org,"Autry Museum, Donated by Loretta and Victor Kaufman to the Autry.",painting,The Tom-Tom Maker,Oil on canvas,34 1/2 in x 45 1/2 in (87.6 cm x 115.5 cm); Framed: 44 1/4 in x 55 1/4 in x 2 1/2 in (112.4 cm x 140.3 cm x 6.3 cm),http://collections.theautry.org/mwebcgi/mweb.exe?request=record;id=M645310;type=101
2012.37.3,2012.37.3,Autry Museum of the American West,https://theautry.org,"Autry Museum, Donated by Loretta and Victor Kaufman to the Autry.",painting,First Streak of Dawn,Oil on canvas,24 in x 30 in (60.9 cm x 76.2 cm); Framed: 30 in x 36 in x 3 in (76.2 cm x 91.4 cm x 7.6 cm),http://collections.theautry.org/mwebcgi/mweb.exe?request=record;id=M645321;type=101
2012.37.4,2012.37.4,Autry Museum of the American West,https://theautry.org,"Autry Museum, Donated by Loretta and Victor Kaufman to the Autry.",painting,Morning Camp,Oil on panel,15 in x 23 1/8 in (38.1 cm x 58.7 cm); Framed: 23 1/8 in x 31 in x 1 7/8 in (58.7 cm x 78.7 cm x 4.7 cm),http://collections.theautry.org/mwebcgi/mweb.exe?request=record;id=M645332;type=101
2012.37.5,2012.37.5,Autry Museum of the American West,https://theautry.org,"Autry Museum, Donated by Loretta and Victor Kaufman to the Autry.",sculpture,Silent Leather,"Bronze, cast",21 in x 17 in x 8 1/2 in (53.3 cm x 43.1 cm x 21.5 cm),http://collections.theautry.org/mwebcgi/mweb.exe?request=record;id=M645301;type=101
2012.37.6,2012.37.6,Autry Museum of the American West,https://theautry.org,"Autry Museum, Donated by Loretta and Victor Kaufman to the Autry.",sculpture,Spirit of the Buffalo,"Bronze, cast",54 in x 27 in x 20 in (137.2 cm x 68.6 cm x 50.8 cm),http://collections.theautry.org/mwebcgi/mweb.exe?request=record;id=M645305;type=101
2012.37.7,2012.37.7,Autry Museum of the American West,https://theautry.org,"Autry Museum, Donated by Loretta and Victor Kaufman to the Autry.",sculpture,Summer Buffalo Dancer,"Bronze, cast",26 1/4 in x 11 1/4 in x 10 1/2 in (66.6 cm x 28.5 cm x 26.6 cm),http://collections.theautry.org/mwebcgi/mweb.exe?request=record;id=M645306;type=101
2012.37.8,2012.37.8,Autry Museum of the American West,https://theautry.org,"Autry Museum, Donated by Loretta and Victor Kaufman to the Autry.",sculpture,Sacagawea II,"Bronze, cast and painted",20 in x 9 in x 8 in (50.8 cm x 22.8 cm x 20.3 cm),http://collections.theautry.org/mwebcgi/mweb.exe?request=record;id=M645307;type=101
2012.37.10,2012.37.10,Autry Museum of the American West,https://theautry.org,"Autry Museum, Donated by Loretta and Victor Kaufman to the Autry.",painting,Sentry - Sioux Encampment,Gouache on paper,17 1/4 in x 14 1/4 in x 1 3/4 in (43.8 cm x 36.1 cm x 4.4 cm),http://collections.theautry.org/mwebcgi/mweb.exe?request=record;id=M645311;type=101
2012.37.12,2012.37.12,Autry Museum of the American West,https://theautry.org,"Autry Museum, Donated by Loretta and Victor Kaufman to the Autry.",print,Group of North American Indians,Lithograph print on paper,19 3/4 in x 14 1/2 in (50.1 cm x 36.8 cm); Framed: 29 in x 23 1/2 in x 1 3/4 in (73.6 cm x 59.6 cm x 4.4 cm),http://collections.theautry.org/mwebcgi/mweb.exe?request=record;id=M645313;type=101
2012.37.13,2012.37.13,Autry Museum of the American West,https://theautry.org,"Autry Museum, Donated by Loretta and Victor Kaufman to the Autry.",print,Ball-Play Dance,Lithograph print on paper,20 1/4 in x 24 in (51.4 cm x 61 cm); Framed: 24 in x 29 in x 1 3/4 in (61 cm x 73.7 cm x 4.4 cm),http://collections.theautry.org/mwebcgi/mweb.exe?request=record;id=M645314;type=101
2012.37.14,2012.37.14,Autry Museum of the American West,https://theautry.org,"Autry Museum, Donated by Loretta and Victor Kaufman to the Autry.",painting,The Pottery Merchant,Oil on panel,9 1/4 in x 7 1/4 in (23.4 cm x 18.4 cm); Framed: 16 1/2 in x 14 3/8 in x 1 5/8 in (41.9 cm x 36.5 cm x 4.1 cm),http://collections.theautry.org/mwebcgi/mweb.exe?request=record;id=M645315;type=101
2012.37.15,2012.37.15,Autry Museum of the American West,https://theautry.org,"Autry Museum, Donated by Loretta and Victor Kaufman to the Autry.",painting,Portrait of Jim Mirabal,Oil on canvas board,10 in x 12 in (25.4 cm x 30.4 cm); Framed: 15 1/2 in x 17 1/2 in x 2 in (39.3 cm x 44.4 cm x 5 cm),http://collections.theautry.org/mwebcgi/mweb.exe?request=record;id=M645316;type=101
2012.37.17,2012.37.17,Autry Museum of the American West,https://theautry.org,"Autry Museum, Donated by Loretta and Victor Kaufman to the Autry.",painting,County Picture Show,Oil on panel,8 3/4 in x 12 1/2 in (22.2 cm x 31.7 cm); Framed: 16 1/4 in x 20 1/4 in x 3 in (41.2 cm x 51.4 cm x 7.6 cm),http://collections.theautry.org/mwebcgi/mweb.exe?request=record;id=M645318;type=101
2012.37.18,2012.37.18,Autry Museum of the American West,https://theautry.org,"Autry Museum, Donated by Loretta and Victor Kaufman to the Autry.",painting,Out for Mischief,Watercolor on paper,9 1/2 in x 14 1/2 in (24.1 cm x 36.8 cm); Framed: 21 in x 26 1/4 in x 1 5/8 in (53.3 cm x 66.6 cm x 4.1 cm),http://collections.theautry.org/mwebcgi/mweb.exe?request=record;id=M645319;type=101
2012.37.19,2012.37.19,Autry Museum of the American West,https://theautry.org,"Autry Museum, Donated by Loretta and Victor Kaufman to the Autry.",painting,Untitled,Oil on canvas,16 in x 20 in (40.6 cm x 50.8 cm); Framed: 23 3/4 in x 27 1/2 in x 2 in (60.3 cm x 69.8 cm x 5 cm),http://collections.theautry.org/mwebcgi/mweb.exe?request=record;id=M645341;type=101
2012.37.20,2012.37.20,Autry Museum of the American West,https://theautry.org,"Autry Museum, Donated by Loretta and Victor Kaufman to the Autry.",sculpture,Red Bird Pottery,Alabaster,46 in x 13 1/2 in x 10 in (116.8 cm x 34.9 cm x 25.4 cm),http://collections.theautry.org/mwebcgi/mweb.exe?request=record;id=M645342;type=101
2012.37.22,2012.37.22,Autry Museum of the American West,https://theautry.org,"Autry Museum, Donated by Loretta and Victor Kaufman to the Autry.",painting,Grandfather Sun Has Found Us,Oil on canvas,30 in x 40 in (76.2 cm x 101.6 cm); Framed: 44 1/4 in x 52 1/2 in x 3 3/4 in (112.4 cm x 133.3 cm x 9.5 cm),http://collections.theautry.org/mwebcgi/mweb.exe?request=record;id=M645345;type=101
2012.37.23,2012.37.23,Autry Museum of the American West,https://theautry.org,"Autry Museum, Donated by Loretta and Victor Kaufman to the Autry.",sculpture,Prairie Madonna,"Bronze, cast",19 1/2 in x 11 in x 26 in (49.5 cm x 27.9 cm x 66 cm),http://collections.theautry.org/mwebcgi/mweb.exe?request=record;id=M645346;type=101
2012.37.24,2012.37.24,Autry Museum of the American West,https://theautry.org,"Autry Museum, Donated by Loretta and Victor Kaufman to the Autry.",painting,Ben Examining the Pots,Oil on canvas,24 in x 29 1/4 in (60.9 cm x 74.2 cm); Framed: 32 1/2 in x 37 1/2 in x 2 1/4 in (82.5 cm x 95.2 cm x 5.7 cm),http://collections.theautry.org/mwebcgi/mweb.exe?request=record;id=M645347;type=101
2012.37.25,2012.37.25,Autry Museum of the American West,https://theautry.org,"Autry Museum, Donated by Loretta and Victor Kaufman to the Autry.",sculpture,Rattlesnake,"Bronze, cast",23 1/2 in x 17 1/2 in x 12 1/2 in (59.6 cm x 44.4 cm x 31.7 cm),http://collections.theautry.org/mwebcgi/mweb.exe?request=record;id=M645348;type=101
2012.37.26,2012.37.26,Autry Museum of the American West,https://theautry.org,"Autry Museum, Donated by Loretta and Victor Kaufman to the Autry.",painting,Pueblo Scene,Oil on canvas,20 1/4 in x 24 in (51.4 cm x 60.9 cm); Framed: 29 in x 33 in x 1 1/2 in (73.6 cm x 83.8 cm x 3.8 cm),http://collections.theautry.org/mwebcgi/mweb.exe?request=record;id=M645349;type=101
2012.37.29,2012.37.29,Autry Museum of the American West,https://theautry.org,"Autry Museum, Donated by Loretta and Victor Kaufman to the Autry.",sculpture,Ropin' a Star,"Bronze, cast",27 1/2 in x 9 1/2 in x 23 in (69.8 cm x 24.1 cm x 58.4 cm),http://collections.theautry.org/mwebcgi/mweb.exe?request=record;id=M645367;type=101
2012.37.31,2012.37.31,Autry Museum of the American West,https://theautry.org,"Autry Museum, Donated by Loretta and Victor Kaufman to the Autry.",print,Morning in Moran,Color serigraph on paper,23 1/2 in x 28 1/2 in (59.9 cm x 72.3 cm); Framed: 36 in x 41 1/4 in x 1 1/4 in (91.4 cm x 104.7 cm x 3.1 cm),http://collections.theautry.org/mwebcgi/mweb.exe?request=record;id=M645370;type=101
2012.37.33,2012.37.33,Autry Museum of the American West,https://theautry.org,"Autry Museum, Donated by Loretta and Victor Kaufman to the Autry.",print,Sioux Chief,Lithograph print on paper,29 3/4 in x 22 in (75.5 cm x 55.8 cm); Framed: 41 in x 33 1/2 in x 3/4 in (104.1 cm x 85 cm x 1.9 cm),http://collections.theautry.org/mwebcgi/mweb.exe?request=record;id=M645372;type=101
2012.37.34,2012.37.34,Autry Museum of the American West,https://theautry.org,"Autry Museum, Donated by Loretta and Victor Kaufman to the Autry.",sculpture,Horsecatcher,"Bronze, cast",17 1/4 in x 13 1/4 in x 9 3/4 in (43.8 cm x 33.6 cm x 24.7 cm),http://collections.theautry.org/mwebcgi/mweb.exe?request=record;id=M645373;type=101
2012.37.35,2012.37.35,Autry Museum of the American West,https://theautry.org,"Autry Museum, Donated by Loretta and Victor Kaufman to the Autry.",sculpture,Devil Duster,"Bronze, cast",29 1/2 in x 25 1/2 in x 10 in (74.9 cm x 64.7 cm x 25.4 cm),http://collections.theautry.org/mwebcgi/mweb.exe?request=record;id=M645374;type=101
2012.37.39,2012.37.39,Autry Museum of the American West,https://theautry.org,"Autry Museum, Donated by Loretta and Victor Kaufman to the Autry.",painting,Untitled,Oil on canvas,16 in x 20 in (40.6 cm x 50.8 cm); Framed: 23 1/4 in x 27 in x 2 1/2 in (59 cm x 68.5 cm x 6.3 cm),http://collections.theautry.org/mwebcgi/mweb.exe?request=record;id=M645379;type=101
2012.37.42,2012.37.42,Autry Museum of the American West,https://theautry.org,"Autry Museum, Donated by Loretta and Victor Kaufman to the Autry.",sculpture,Two Champs II,"Bronze, cast",20 in x 13 1/2 in x 14 in (50.8 cm x 34.2 cm x 35.5 cm),http://collections.theautry.org/mwebcgi/mweb.exe?request=record;id=M645383;type=101
2012.37.43,2012.37.43,Autry Museum of the American West,https://theautry.org,"Autry Museum, Donated by Loretta and Victor Kaufman to the Autry.",sculpture,Checkmate,"Bronze, cast",21 1/2 in x 22 in x 16 in (54.6 cm x 55.8 cm x 40.6 cm),http://collections.theautry.org/mwebcgi/mweb.exe?request=record;id=M645385;type=101
2012.37.44,2012.37.44,Autry Museum of the American West,https://theautry.org,"Autry Museum, Donated by Loretta and Victor Kaufman to the Autry.",sculpture,Silent Signal,"Bronze, cast",39 in x 20 in x 15 in (99.1 cm x 50.8 cm x 38.1 cm),http://collections.theautry.org/mwebcgi/mweb.exe?request=record;id=M645386;type=101
2012.37.45,2012.37.45,Autry Museum of the American West,https://theautry.org,"Autry Museum, Donated by Loretta and Victor Kaufman to the Autry.",sculpture,Navajo Woman,Limestone,8 in x 20 in x 26 in (20.3 cm x 50.8 cm x 66 cm),http://collections.theautry.org/mwebcgi/mweb.exe?request=record;id=M645388;type=101
2012.37.46,2012.37.46,Autry Museum of the American West,https://theautry.org,"Autry Museum, Donated by Loretta and Victor Kaufman to the Autry.",sculpture,Intertribal Greeting,"Bronze, cast",65 in x 10 13/16 ft (165.1 cm x 3.3 m),http://collections.theautry.org/mwebcgi/mweb.exe?request=record;id=M645389;type=101
2013.27.1,2013.27.1,Autry Museum of the American West,https://theautry.org,"Southwest Museum of the American Indian Collection, Autry Museum, Donated by Monica Jane Wyatt to the Collection of the Southwest Museum, the Autry",basket,,"Coiled horsehair, decorated with beads, shells, bingo markers, parts of credit and debit cards",4 in x 8 1/4 in x 8 in (10.2 cm x 21 cm x 20.3 cm),http://collections.theautry.org/mwebcgi/mweb.exe?request=record;id=M650804;type=101
2013.33.1,2013.33.1,Autry Museum of the American West,https://theautry.org,"Southwest Museum of the American Indian Collection, Autry Museum, Donated by  W. Richard West, Jr. and Mary Beth West in honor of the Autry staff.",basket with lid,Emergence,"Black ash splints plated in a porcupine curl technique, wickerwork base, design with splints dyed black with aniline dye, sweetgrass bundle rim cross-lashed with ash splint, lid with loop handle, wrapped with twill woven design",23 in x 13 in x 13 in (58.4 cm x 33 cm x 33 cm),http://collections.theautry.org/mwebcgi/mweb.exe?request=record;id=M652107;type=101
2013.46.1,2013.46.1,Autry Museum of the American West,https://theautry.org,"Autry Museum, Donated by Calvin B. and Marilyn B. Gross to the Autry.",sculpture,A Temple Sacred by Birth and Built by Hands Divine,"Wood, carved and painted",36 in x 10 1/2 in x 14 in (91.4 cm x 26.7 cm x 35.6 cm),http://collections.theautry.org/mwebcgi/mweb.exe?request=record;id=M596677;type=101
2014.5.1,2014.5.1,Autry Museum of the American West,https://theautry.org,"Autry Museum, Donated from the Collection of Jackie and Gene Autry to the Autry",painting,Mesa Drifters,Oil on canvas,30 in x 50 in (76.2 cm x 127 cm),http://collections.theautry.org/mwebcgi/mweb.exe?request=record;id=M653246;type=101
2014.10.1,2014.10.1,Autry Museum of the American West,https://theautry.org,"Autry Museum, Donated by the artist, Doug Owen, to the Autry.",sculpture,Manchester,"Steel, rebar, copper wire and glass, reinforced and welded together",96 in x 24 in x 69 in (243.8 cm x 61 cm x 175.3 cm),http://collections.theautry.org/mwebcgi/mweb.exe?request=record;id=M654518;type=101
2014.22.1,2014.22.1,Autry Museum of the American West,https://theautry.org,"Autry Museum, Donation courtesy of the artist and Anatol Chavez to the Autry.",painting,"Ladies Art Class, Sawtelle",Oil on canvas,68 in x 69 in x 1 1/2 in (172.72 cm x 175.26 cm x 3.81 cm),http://collections.theautry.org/mwebcgi/mweb.exe?request=record;id=M637286;type=101
2014.34.1,2014.34.1,Autry Museum of the American West,https://theautry.org,"Autry Museum, Donated by Billy Schenck, to the Autry.",painting,A River Runs Through It,Oil on canvas,30 in x 75 in x 2 in (76.2 cm x 190.5 cm x 5.1 cm),http://collections.theautry.org/mwebcgi/mweb.exe?request=record;id=M655928;type=101
2015.5.1,2015.5.1,Autry Museum of the American West,https://theautry.org,"Autry Museum, Ross and Billie McKnight Artists' Choice Award in Honor of John J. Geraghty",sculpture,Andrea,Bronze,84 in x 41 in x 47 in (213.4 cm x 104.1 cm x 119.4 cm),http://collections.theautry.org/mwebcgi/mweb.exe?request=record;id=M657775;type=101
2015.6.1,2015.6.1,Autry Museum of the American West,https://theautry.org,"Autry Museum, Masters of the American West Purchase Award, given in recognition of the work, acquired by the Autry Museum for its permanent collection.",painting,Witness of Time,Oil on linen,42 in x 42 in (106.7 cm x 106.7 cm),http://collections.theautry.org/mwebcgi/mweb.exe?request=record;id=M657771;type=101
2015.12.1,2015.12.1,Autry Museum of the American West,https://theautry.org,"Autry Museum, Donated by G. William Avery and the Froelick Gallery to the Autry.",painting,Crow,"Gouache, watercolor, colored pencil on paper",31 in x 22 1/2 in (78.7 cm x 57.1 cm),http://collections.theautry.org/mwebcgi/mweb.exe?request=record;id=M657798;type=101
2015.12.2,2015.12.2,Autry Museum of the American West,https://theautry.org,"Autry Museum, Donated by G. William Avery and the Froelick Gallery to the Autry.",painting,Crow,"Gouache, watercolor, colored pencil on paper",31 in x 22 1/2 in (78.7 cm x 57.1 cm),http://collections.theautry.org/mwebcgi/mweb.exe?request=record;id=M657799;type=101
2015.21.1,2015.21.1,Autry Museum of the American West,https://theautry.org,"Autry Museum, Purchased by Autry Museum",vest,,Cloth decorated with glass seed and faceted beads,25 in x 22 in x 1 in (63.5 cm x 55.9 cm x 2.5 cm),http://collections.theautry.org/mwebcgi/mweb.exe?request=record;id=M652120;type=101
2015.25.1,2015.25.1,Autry Museum of the American West,https://theautry.org,"Autry Museum, Donated by G. William Avery and the Froelick Gallery",print,The Dancer,Monotype print and guache on paper,30 in x 22 in (76.2 cm x 55.9 cm),http://collections.theautry.org/mwebcgi/mweb.exe?request=record;id=M658100;type=101
3023.G.49,3023.G.49,Autry Museum of the American West,https://theautry.org,"Southwest Museum of the American Indian Collection, Autry Museum, Carl S. Dentzel Family Collection",painting,Indian Encampment in the Wind River Mountains,Oil on canvas,23 5/8 in x 16 15/16 in (60 cm x 43 cm); Framed: 24 1/8 in x 30 7/16 in x 2 1/2 in (61.2 cm x 77.3 cm x 6.3 cm),http://collections.theautry.org/mwebcgi/mweb.exe?request=record;id=M293978;type=101
3023.G.54,3023.G.54,Autry Museum of the American West,https://theautry.org,"Southwest Museum of the American Indian Collection, Autry Museum, Carl S. Dentzel Family Collection",painting,The Lost Greenhorn,Oil on canvas,23 1/4 in x 14 3/4 in (59 cm x 37.4 cm); Framed: 31 1/2 in x 24 in (80 cm x 60.9 cm),http://collections.theautry.org/mwebcgi/mweb.exe?request=record;id=M294012;type=101
4088.G.1,4088.G.1,Autry Museum of the American West,https://theautry.org,"Braun Research Library Collection, Autry Museum, Donated by Mr. John R. DePalma to the Southwest Museum of the American Indian",print,Fancy Dancer in Roma,"Etching and aquatint on paper, printed on Magnani paper",63 in x 44 1/16 in (160 cm x 112 cm),http://collections.theautry.org/mwebcgi/mweb.exe?request=record;id=M241602;type=101
4088.G.2,4088.G.2,Autry Museum of the American West,https://theautry.org,"Braun Research Library Collection, Autry Museum, Donated by Mr. John R. DePalma to the Southwest Museum of the American Indian",print,Hollywood Cowboy in Roma,Etching and aquatint print on Magnani paper,63 in x 44 1/16 in (160 cm x 112 cm),http://collections.theautry.org/mwebcgi/mweb.exe?request=record;id=M241604;type=101
4088.G.3,4088.G.3,Autry Museum of the American West,https://theautry.org,"Braun Research Library Collection, Autry Museum, Donated by Mr. John R. DePalma to the Southwest Museum of the American Indian",print,Galloping Indian After Leigh,Etching and aquatint print on Magnani paper,63 in x 44 1/16 in (160 cm x 112 cm),http://collections.theautry.org/mwebcgi/mweb.exe?request=record;id=M241606;type=101
4088.G.4,4088.G.4,Autry Museum of the American West,https://theautry.org,"Braun Research Library Collection, Autry Museum, Donated by Mr. John R. DePalma to the Southwest Museum of the American Indian",print,Indian Portrait in Roma,Etching and aquatint print on Magnani paper,63 in x 44 1/16 in (160 cm x 112 cm),http://collections.theautry.org/mwebcgi/mweb.exe?request=record;id=M241607;type=101
4088.G.5,4088.G.5,Autry Museum of the American West,https://theautry.org,"Braun Research Library Collection, Autry Museum, Donated by Mr. John R. DePalma to the Southwest Museum of the American Indian",print,View in Roma No. 1,Etching and aquatint print on goya paper,19 11/16 in x 27 9/16 in (50 cm x 70 cm),http://collections.theautry.org/mwebcgi/mweb.exe?request=record;id=M241610;type=101
4088.G.9,4088.G.9,Autry Museum of the American West,https://theautry.org,"Braun Research Library Collection, Autry Museum, Donated by Mr. John R. DePalma to the Southwest Museum of the American Indian",print,Self Portrait in Rome,Etching and aquatint print on Goya paper,27 9/16 in x 19 11/16 in (70 cm x 50 cm),http://collections.theautry.org/mwebcgi/mweb.exe?request=record;id=M241619;type=101
